{
    "model": "monouni",
    "backbone": "dla34",
    "dataset": "Rope3D_2100",
    "classes": [
        "pedestrian",
        "car",
        "bus",
        "truck",
        "van",
        "cyclist"
    ],
    "num_classes": 4,
    "task": [
        "box2d",
        "box3d"
    ],
    "metric": [],
    "input_shape": [
        960,
        512
    ],
    "batch_size": 8,
    "end_epoch": 300,
    "num_workers": 4,
    "lr0": 0.036,
    "backbone_freeze": false,
    "neck_freeze": false,
    "head_freeze": false,
    "backbone_init_weight": "torchvision",
    "model_init_weight": null,
    "optimizer": {
        "sgd": {
            "weight_decay": 4e-06,
            "momentum": 0.9
        }
    },
    "scheduler": {
        "cosineannealinglr": {
            "T_max": 300,
            "eta_min": 1e-05,
            "last_epoch": -1
        }
    },
    "loss": {
        "alpha": {
            "class": 1.0,
            "location": 1.0
        }
    },
    "info": {
        "avg_size": [
            [
                0.47977883671931515,
                1.603604342354993,
                0.46636183661653013
            ],
            [
                1.7026277174690747,
                1.2947722138378017,
                4.233722115187554
            ],
            [
                2.5578943573900097,
                2.9520296547207043,
                10.664581956005929
            ],
            [
                2.391652094214645,
                2.6833085765071707,
                6.597212293728038
            ],
            [
                1.7653359832248707,
                1.7347598715112018,
                4.639641923499641
            ],
            [
                0.4899444975525569,
                1.3298419847519023,
                1.5058671495932674
            ]
        ]
    }
}