{
    "width": 640,
    "height": 428,
    "object": [
        {
            "id": 649687,
            "class": "surfboard",
            "box2d": {
                "cx": 0.44503906249999997,
                "cy": 0.5586098130841122,
                "w": 0.08685937500000004,
                "h": 0.04441588785046727
            },
            "polygon": [
                [
                    [
                        0.450375,
                        0.5477803738317757
                    ],
                    [
                        0.43246874999999996,
                        0.5438084112149533
                    ],
                    [
                        0.42065625000000006,
                        0.540373831775701
                    ],
                    [
                        0.40542187500000004,
                        0.5364018691588786
                    ],
                    [
                        0.40160937499999994,
                        0.5415186915887851
                    ],
                    [
                        0.40465625000000005,
                        0.5477803738317757
                    ],
                    [
                        0.411140625,
                        0.5540654205607476
                    ],
                    [
                        0.42104687500000004,
                        0.5637383177570093
                    ],
                    [
                        0.427515625,
                        0.5682943925233644
                    ],
                    [
                        0.43360937499999996,
                        0.5728504672897197
                    ],
                    [
                        0.44046874999999996,
                        0.5779906542056075
                    ],
                    [
                        0.44884375,
                        0.579696261682243
                    ],
                    [
                        0.457609375,
                        0.5802570093457944
                    ],
                    [
                        0.467890625,
                        0.5808177570093458
                    ],
                    [
                        0.47856249999999995,
                        0.5802570093457944
                    ],
                    [
                        0.485796875,
                        0.5751401869158879
                    ],
                    [
                        0.48846875,
                        0.5688551401869159
                    ],
                    [
                        0.487703125,
                        0.5631775700934579
                    ],
                    [
                        0.48084375,
                        0.5591822429906542
                    ],
                    [
                        0.47400000000000003,
                        0.5534813084112149
                    ],
                    [
                        0.46484375,
                        0.5529205607476636
                    ],
                    [
                        0.459515625,
                        0.5551869158878505
                    ],
                    [
                        0.45456250000000004,
                        0.5642990654205607
                    ],
                    [
                        0.451140625,
                        0.5688551401869159
                    ],
                    [
                        0.447328125,
                        0.5654439252336448
                    ],
                    [
                        0.44884375,
                        0.5597429906542056
                    ],
                    [
                        0.45151562500000003,
                        0.5540654205607476
                    ],
                    [
                        0.45151562500000003,
                        0.5506308411214953
                    ],
                    [
                        0.45151562500000003,
                        0.5500700934579439
                    ]
                ]
            ]
        },
        {
            "id": 2151484,
            "class": "person",
            "box2d": {
                "cx": 0.4692421874999999,
                "cy": 0.5153387850467289,
                "w": 0.04389062499999996,
                "h": 0.1097429906542056
            },
            "polygon": [
                [
                    [
                        0.477984375,
                        0.4749299065420561
                    ],
                    [
                        0.477984375,
                        0.48341121495327105
                    ],
                    [
                        0.48434375,
                        0.49046728971962616
                    ],
                    [
                        0.49071875,
                        0.5183411214953271
                    ],
                    [
                        0.49024999999999996,
                        0.5317523364485981
                    ],
                    [
                        0.49048437500000003,
                        0.549392523364486
                    ],
                    [
                        0.4911875,
                        0.5673831775700935
                    ],
                    [
                        0.4871875,
                        0.5635046728971963
                    ],
                    [
                        0.48410937499999995,
                        0.544088785046729
                    ],
                    [
                        0.47562499999999996,
                        0.5483177570093458
                    ],
                    [
                        0.46453125,
                        0.5447897196261682
                    ],
                    [
                        0.455796875,
                        0.5617289719626168
                    ],
                    [
                        0.45390625,
                        0.5702102803738318
                    ],
                    [
                        0.44965625,
                        0.5663317757009345
                    ],
                    [
                        0.447296875,
                        0.5575
                    ],
                    [
                        0.456265625,
                        0.5447897196261682
                    ],
                    [
                        0.45390625,
                        0.5366822429906541
                    ],
                    [
                        0.45981249999999996,
                        0.5257476635514019
                    ],
                    [
                        0.463109375,
                        0.5084579439252337
                    ],
                    [
                        0.46971875,
                        0.48551401869158883
                    ],
                    [
                        0.465,
                        0.47317757009345796
                    ],
                    [
                        0.46829687499999995,
                        0.4639953271028037
                    ],
                    [
                        0.471375,
                        0.4604672897196262
                    ],
                    [
                        0.475390625,
                        0.4622429906542056
                    ],
                    [
                        0.47703125,
                        0.4668224299065421
                    ]
                ]
            ],
            "keypoints": {
                "nose": [
                    -1,
                    -1
                ],
                "left_eye": [
                    -1,
                    -1
                ],
                "right_eye": [
                    -1,
                    -1
                ],