{
    "width": 640,
    "height": 425,
    "object": [
        {
            "id": 442619,
            "class": "person",
            "box2d": {
                "cx": 0.6095937499999999,
                "cy": 0.5131058823529412,
                "w": 0.34171874999999996,
                "h": 0.8157176470588235
            },
            "polygon": [
                [
                    [
                        0.552140625,
                        0.1591764705882353
                    ],
                    [
                        0.559609375,
                        0.1232235294117647
                    ],
                    [
                        0.5670625,
                        0.1119764705882353
                    ],
                    [
                        0.58496875,
                        0.1052470588235294
                    ],
                    [
                        0.60884375,
                        0.1232235294117647
                    ],
                    [
                        0.60884375,
                        0.1591764705882353
                    ],
                    [
                        0.60884375,
                        0.17941176470588235
                    ],
                    [
                        0.6148125,
                        0.19738823529411764
                    ],
                    [
                        0.6192968750000001,
                        0.20861176470588236
                    ],
                    [
                        0.6207812500000001,
                        0.21536470588235293
                    ],
                    [
                        0.635703125,
                        0.23334117647058825
                    ],
                    [
                        0.64615625,
                        0.24682352941176472
                    ],
                    [
                        0.70584375,
                        0.3501882352941177
                    ],
                    [
                        0.716296875,
                        0.3614117647058823
                    ],
                    [
                        0.722265625,
                        0.3906352941176471
                    ],
                    [
                        0.72971875,
                        0.40861176470588234
                    ],
                    [
                        0.72375,
                        0.42658823529411766
                    ],
                    [
                        0.702859375,
                        0.43108235294117647
                    ],
                    [
                        0.701375,
                        0.45131764705882355
                    ],
                    [
                        0.7118125,
                        0.5322117647058824
                    ],
                    [
                        0.701375,
                        0.5996235294117647
                    ],
                    [
                        0.7088281249999999,
                        0.6737882352941177
                    ],
                    [
                        0.74315625,
                        0.7614117647058825
                    ],
                    [
                        0.768515625,
                        0.8513176470588235
                    ],
                    [
                        0.773,
                        0.9007529411764705
                    ],
                    [
                        0.773,
                        0.9007529411764705
                    ],
                    [
                        0.780453125,
                        0.920964705882353
                    ],
                    [
                        0.650625,
                        0.920964705882353
                    ],
                    [
                        0.6625625,
                        0.9029882352941176
                    ],
                    [
                        0.686453125,
                        0.8805176470588236
                    ],
                    [
                        0.69540625,
                        0.8490588235294119
                    ],
                    [
                        0.68196875,
                        0.7861411764705882
                    ],
                    [
                        0.65809375,
                        0.7142352941176471
                    ],
                    [
                        0.650625,
                        0.6805176470588236
                    ],
                    [
                        0.6401875,
                        0.6310823529411764
                    ],
                    [
                        0.6192968750000001,
                        0.6603058823529412
                    ],
                    [
                        0.6342187499999999,
                        0.7029882352941176
                    ],
                    [
                        0.6521250000000001,
                        0.7636705882352941
                    ],
                    [
                        0.6640625,
                        0.8220941176470588
                    ],
                    [
                        0.6640625,
                        0.8423294117647059
                    ],
                    [
                        0.655109375,
                        0.8490588235294119
                    ],
                    [
                        0.6163125,
                        0.8648
                    ],
                    [
                        0.5670625,
                        0.8715294117647058
                    ],
                    [
                        0.541703125,
                        0.8648
                    ],
                    [
                        0.56259375,
                        0.8535529411764705
                    ],
                    [
                        0.577515625,
                        0.8490588235294119
                    ],
                    [
                        0.59840625,
                        0.8018823529411765
                    ],
                    [
                        0.555125,
                        0.6378352941176471
                    ],
                    [
                        0.56259375,
                        0.6265882352941177
                    ],
                    [
                        0.604375,
                        0.5164705882352941
                    ],
                    [
                        0.5760156249999999,
                        0.3816470588235294
                    ],
                    [
                        0.5446875,
                        0.41310588235294116
                    ],
                    [
                        0.4835,
                        0.4400705882352941
                    ],
                    [
                        0.4715625,
                        0.45355294117647055
                    ],
                    [
                        0.450671875,
                        0.45581176470588236
                    ],
                    [
                        0.44171875,
                        0.45581176470588236
                    ],
                    [
                        0.438734375,
                        0.4400705882352941
                    ],
                    [
                        0.438734375,
                        0.41087058823529415
                    ],
                    [
                        0.44917187500000005,
                        0.4041176470588235
                    ],
                    [
                        0.455140625,
                        0.4041176470588235
                    ],
                    [
                        0.46110937500000004,
                        0.4041176470588235
                    ],
                    [
