{
    "width": 640,
    "height": 425,
    "object": [
        {
            "id": 442619,
            "class": "person",
            "box2d": {
                "cx": 0.6095937499999999,
                "cy": 0.5131058823529412,
                "w": 0.34171874999999996,
                "h": 0.8157176470588235
            },
            "polygon": [
                [
                    353.37,
                    67.65,
                    358.15,
                    52.37,
                    362.92,
                    47.59,
                    374.38,
                    44.73,
                    389.66,
                    52.37,
                    389.66,
                    67.65,
                    389.66,
                    76.25,
                    393.48,
                    83.89,
                    396.35,
                    88.66,
                    397.3,
                    91.53,
                    406.85,
                    99.17,
                    413.54,
                    104.9,
                    451.74,
                    148.83,
                    458.43,
                    153.6,
                    462.25,
                    166.02,
                    467.02,
                    173.66,
                    463.2,
                    181.3,
                    449.83,
                    183.21,
                    448.88,
                    191.81,
                    455.56,
                    226.19,
                    448.88,
                    254.84,
                    453.65,
                    286.36,
                    475.62,
                    323.6,
                    491.85,
                    361.81,
                    494.72,
                    382.82,
                    494.72,
                    382.82,
                    499.49,
                    391.41,
                    416.4,
                    391.41,
                    424.04,
                    383.77,
                    439.33,
                    374.22,
                    445.06,
                    360.85,
                    436.46,
                    334.11,
                    421.18,
                    303.55,
                    416.4,
                    289.22,
                    409.72,
                    268.21,
                    396.35,
                    280.63,
                    405.9,
                    298.77,
                    417.36,
                    324.56,
                    425.0,
                    349.39,
                    425.0,
                    357.99,
                    419.27,
                    360.85,
                    394.44,
                    367.54,
                    362.92,
                    370.4,
                    346.69,
                    367.54,
                    360.06,
                    362.76,
                    369.61,
                    360.85,
                    382.98,
                    340.8,
                    355.28,
                    271.08,
                    360.06,
                    266.3,
                    386.8,
                    219.5,
                    368.65,
                    162.2,
                    348.6,
                    175.57,
                    309.44,
                    187.03,
                    301.8,
                    192.76,
                    288.43,
                    193.72,
                    282.7,
                    193.72,
                    280.79,
                    187.03,
                    280.79,
                    174.62,
                    287.47,
                    171.75,
                    291.29,
                    171.75,
                    295.11,
                    171.75,
                    306.57,
                    166.98,
                    312.3,
                    165.07,
                    345.73,
                    142.14,
                    350.51,
                    117.31,
                    350.51,
                    102.03,
                    350.51,
                    90.57,
                    353.37,
                    65.74
                ]
            ],
            "keypoints": {
                "nose": [
                    0.5734375,
                    0.19058823529411764
                ],
                "left_eye": [
                    0.584375,
                    0.17176470588235293
                ],
                "right_eye": [
                    0.5625,
                    0.17647058823529413
                ],
                "left_ear": [
                    0.603125,
                    0.18352941176470589
                ],
                "right_ear": [
                    0.55625,
                    0.19058823529411764
                ],
                "left_shoulder": [
                    0.6234375,
                    0.2541176470588235
                ],
                "right_shoulder": [
                    0.559375,
                    0.3035294117647059
                ],
                "left_elbow": [
                    0.6765625,
                    0.3341176470588235
                ],
                "right_elbow": [
                    0.5328125,
                    0.37411764705882355
                ],
                "left_wrist": [
                    0.7015625,
                    0.38823529411764707
                ],
                "right_wrist": [
                    0.4828125,
                    0.4188235294117647
                ],
                "left_hip": [
                    0.6625,
                    0.4776470588235294
                ],
                "right_hip": [
                    0.6140625,
                    0.5035294117647059
                ],
                "left_knee": [
                    0.6703125,
                    0.691764705882353
                ],
                "right_knee": [
                    0.5734375,
                    0.6423529411764706
                ],
                "left_ankle": [
                    0.728125,
                    0.851764705882353
                ],
                "right_ankle": [
                    0.61875,
                    0.8023529411764706
                ]
            }
        },
        {
            "id": 609541,
            "class": "skis",
            "box2d": {
                "cx": 0.6409375,
                "cy": 0.8971999999999999,
                "w": 0.6401875,
                "h": 0.08988235294117644
            },
            "polygon": [
                [
                    613.15,
                    389.9,
                    368.65,
                    400.41,
                    275.06,
                    400.41,
                    264.55,
                    388.95,
                    267.42,
                    384.17,
                    275.06,
                    388.95,
                    290.34,
                    395.63,
                    409.72,
                    393.72,
                    504.27,
                    386.08,
                    615.06,
                    385.13
                ],
                [
                    446.97,
                    369.85,
                    217.75,
                    382.26,
                    205.34,
                    370.8,
                    213.93,
                    367.94,
                    232.08,
                    375.58,
                    456.52,
                    362.21
                ]
            ]
        }
    ]
}